Table of all the aphids sampled for the study in order to collect different H. defensa strains;;;;;;;;;;;;;;;;;;;;;
Samples with incomplete information or uncertainties were removed from this table;;;;;;;;;;;;;;;;;;;;;
;;;;;;;;;;;;;;;;;;;;;
sample_id: unique identifier for each aphid clonal line;;;;;;;;;;;;;;;;;;;;;
latitude: latitude of the sampling;;;;;;;;;;;;;;;;;;;;;
longitude: longitude of the sampling;;;;;;;;;;;;;;;;;;;;;
site: general name covering multiple samples from the same location (roughly 200m diameter circle);;;;;;;;;;;;;;;;;;;;;
year: year of the collection;;;;;;;;;;;;;;;;;;;;;
plant_species: host plant from which the sample was collected;;;;;;;;;;;;;;;;;;;;;
aphid_species: species name of the collected sample;;;;;;;;;;;;;;;;;;;;;
extracted_DNA: was the DNA extracted and used for symbiont identification? (0: no / 1: yes);;;;;;;;;;;;;;;;;;;;;
notes: Relevant information on the sample. In this cleaned version of the dataset without incomplete samples it only indicates lines that we failed at maintaining alive in laboratory conditions;;;;;;;;;;;;;;;;;;;;;
Buchnera_presence: was the presence of Buchnera aphidicola confirmed by PCR? (0: no / 1: yes);;;;;;;;;;;;;;;;;;;;;
Hamiltonella_presence: was the presence of Hamiltonella defensa confirmed by PCR? (0: no / 1: yes);;;;;;;;;;;;;;;;;;;;;
;;;;;;;;;;;;;;;;;;;;;
sample_id;latitude;longitude;site;year;plant_species;aphid_species;extracted_DNA;notes;Buchnera_presence;Hamiltonella_presence;;;;;;;;;;;
Y20-0001;47.40459388;8.65612252;Schlueweg;2020;Beta_vulgaris;Aphis_fabae_fabae;0;dead;0;0;;;;;;;;;;;
Y20-0002;47.4047817;8.65626853;Schlueweg;2020;Beta_vulgaris;Aphis_fabae_fabae;1;;1;0;;;;;;;;;;;
Y20-0003;47.40472929;8.65639017;Schlueweg;2020;Beta_vulgaris;Aphis_fabae_fabae;1;;1;1;;;;;;;;;;;
Y20-0004;47.40479567;8.65643351;Schlueweg;2020;Beta_vulgaris;Aphis_fabae_fabae;1;;1;1;;;;;;;;;;;
Y20-0005;47.40477269;8.65637586;Schlueweg;2020;Beta_vulgaris;Aphis_fabae_fabae;1;;1;1;;;;;;;;;;;
Y20-0006;47.40477269;8.65637586;Schlueweg;2020;Beta_vulgaris;Aphis_fabae_fabae;0;dead;0;0;;;;;;;;;;;
Y20-0007;47.40491312;8.65666508;Schlueweg;2020;Beta_vulgaris;Aphis_fabae_fabae;1;;1;0;;;;;;;;;;;
Y20-0008;47.40490536;8.65667394;Schlueweg;2020;Beta_vulgaris;Aphis_fabae_fabae;1;;1;0;;;;;;;;;;;
Y20-0009;47.40495558;8.65673085;Schlueweg;2020;Beta_vulgaris;Aphis_fabae_fabae;1;;1;1;;;;;;;;;;;
Y20-0010;47.40507215;8.65685139;Schlueweg;2020;Beta_vulgaris;Aphis_fabae_fabae;1;;1;0;;;;;;;;;;;
Y20-0011;47.40506687;8.65684851;Schlueweg;2020;Beta_vulgaris;Aphis_fabae_fabae;1;;1;1;;;;;;;;;;;
Y20-0012;47.40508098;8.65687949;Schlueweg;2020;Beta_vulgaris;Aphis_fabae_fabae;1;;1;0;;;;;;;;;;;
Y20-0013;47.40526704;8.65684522;Schlueweg;2020;Beta_vulgaris;Aphis_fabae_fabae;1;;1;0;;;;;;;;;;;
Y20-0014;47.41108002;8.54873991;Birnbaumstrasse;2020;Urtica_dioica;Aphis_urticata;1;;1;0;;;;;;;;;;;
Y20-0015;47.40450798;8.60909298;Überlandstrasse;2020;Urtica_dioica;Aphis_urticata;1;;1;0;;;;;;;;;;;
Y20-0016;47.40462898;8.60924846;Überlandstrasse;2020;Urtica_dioica;Aphis_urticata;1;;1;1;;;;;;;;;;;
Y20-0017;47.40444137;8.60928557;Überlandstrasse;2020;Urtica_dioica;Aphis_urticata;1;;1;1;;;;;;;;;;;
Y20-0018;47.40427662;8.60943596;Überlandstrasse;2020;Urtica_dioica;Aphis_urticata;1;;1;0;;;;;;;;;;;
Y20-0019;47.40437052;8.60958805;Überlandstrasse;2020;Urtica_dioica;Aphis_urticata;0;dead;0;0;;;;;;;;;;;
Y20-0020;47.40455747;8.60988697;Überlandstrasse;2020;Urtica_dioica;Aphis_urticata;1;;1;0;;;;;;;;;;;
Y20-0021;47.40440629;8.60982571;Überlandstrasse;2020;Urtica_dioica;Aphis_urticata;1;;1;0;;;;;;;;;;;
Y20-0022;47.40423503;8.61021884;Überlandstrasse;2020;Urtica_dioica;Aphis_urticata;0;dead;0;0;;;;;;;;;;;
Y20-0023;47.40447973;8.6102633;Überlandstrasse;2020;Urtica_dioica;Aphis_urticata;1;;1;0;;;;;;;;;;;
Y20-0024;47.40447265;8.61031452;Überlandstrasse;2020;Urtica_dioica;Aphis_urticata;1;;1;0;;;;;;;;;;;
Y20-0025;47.40434159;8.61023624;Überlandstrasse;2020;Urtica_dioica;Aphis_urticata;0;dead;0;0;;;;;;;;;;;
Y20-0026;47.40422183;8.61058746;Überlandstrasse;2020;Urtica_dioica;Aphis_urticata;0;dead;0;0;;;;;;;;;;;
Y20-0027;47.40437789;8.61047206;Überlandstrasse;2020;Urtica_dioica;Aphis_urticata;1;;0;0;;;;;;;;;;;
Y20-0028;47.40400939;8.61060979;Überlandstrasse;2020;Urtica_dioica;Aphis_urticata;1;;1;0;;;;;;;;;;;
Y20-0029;47.40431959;8.6108039;Überlandstrasse;2020;Urtica_dioica;Aphis_urticata;0;dead;0;0;;;;;;;;;;;
Y20-0030;47.40439372;8.61084836;Überlandstrasse;2020;Urtica_dioica;Aphis_urticata;1;;1;0;;;;;;;;;;;
Y20-0031;47.40440782;8.61087612;Überlandstrasse;2020;Urtica_dioica;Aphis_urticata;0;dead;0;0;;;;;;;;;;;
Y20-0032;47.40441292;8.61090497;Überlandstrasse;2020;Urtica_dioica;Aphis_urticata;1;;1;0;;;;;;;;;;;
Y20-0033;47.40446143;8.61098829;Föhrliweg;2020;Urtica_dioica;Aphis_urticata;0;dead;0;0;;;;;;;;;;;
Y20-0034;47.40442673;8.61130073;Föhrliweg;2020;Urtica_dioica;Aphis_urticata;0;dead;0;0;;;;;;;;;;;
Y20-0035;47.42421219;8.58447262;Wallisellerstrasse;2020;Beta_vulgaris;Aphis_fabae_fabae;1;;1;0;;;;;;;;;;;
Y20-0036;47.4240923;8.58442078;Wallisellerstrasse;2020;Beta_vulgaris;Aphis_fabae_fabae;1;;1;0;;;;;;;;;;;
Y20-0037;47.42404057;8.58432144;Wallisellerstrasse;2020;Beta_vulgaris;Aphis_fabae_fabae;1;;1;0;;;;;;;;;;;
Y20-0038;47.42404634;8.58436859;Wallisellerstrasse;2020;Beta_vulgaris;Aphis_fabae_fabae;1;;1;1;;;;;;;;;;;
Y20-0039;47.42387541;8.58441439;Grätzlistrasse;2020;Beta_vulgaris;Aphis_fabae_fabae;1;;1;0;;;;;;;;;;;
Y20-0040;47.42384913;8.58450231;Grätzlistrasse;2020;Beta_vulgaris;Aphis_fabae_fabae;1;;1;1;;;;;;;;;;;
Y20-0041;47.42381303;8.58448203;Grätzlistrasse;2020;Beta_vulgaris;Aphis_fabae_fabae;1;;1;0;;;;;;;;;;;
Y20-0042;47.42380304;8.58456789;Grätzlistrasse;2020;Beta_vulgaris;Aphis_fabae_fabae;1;;1;1;;;;;;;;;;;
Y20-0043;47.42378178;8.58445498;Grätzlistrasse;2020;Beta_vulgaris;Aphis_fabae_fabae;1;;1;0;;;;;;;;;;;
Y20-0044;47.42364877;8.58457821;Grätzlistrasse;2020;Beta_vulgaris;Aphis_fabae_fabae;1;;1;1;;;;;;;;;;;
Y20-0045;47.42359903;8.58455644;Grätzlistrasse;2020;Beta_vulgaris;Aphis_fabae_fabae;1;;0;0;;;;;;;;;;;
Y20-0046;47.42359023;8.58452531;Grätzlistrasse;2020;Beta_vulgaris;Aphis_fabae_fabae;1;;1;0;;;;;;;;;;;
Y20-0047;47.38232569;8.53802836;Sihlquai;2020;Urtica_dioica;Aphis_urticata;1;;1;0;;;;;;;;;;;
Y20-0048;47.38274624;8.53756341;Sihlquai;2020;Urtica_dioica;Aphis_urticata;1;;1;0;;;;;;;;;;;
Y20-0049;47.38564778;8.53306801;Kornhausbrücke;2020;Urtica_dioica;Aphis_urticata;1;;1;0;;;;;;;;;;;
Y20-0050;47.38789771;8.53162478;Wasserwerkstrasse;2020;Urtica_dioica;Aphis_urticata;1;;0;0;;;;;;;;;;;
Y20-0051;47.3879537;8.53150418;Wasserwerkstrasse;2020;Urtica_dioica;Aphis_urticata;1;;1;0;;;;;;;;;;;
Y20-0052;47.38985437;8.52812861;Wasserwerkstrasse;2020;Urtica_dioica;Aphis_urticata;1;;0;0;;;;;;;;;;;
Y20-0053;47.38989536;8.52743418;Sihlquai;2020;Urtica_dioica;Aphis_urticata;1;;1;0;;;;;;;;;;;
Y20-0054;47.39033483;8.52731349;Hönggerstrasse;2020;Urtica_dioica;Aphis_urticata;1;;1;0;;;;;;;;;;;
Y20-0055;47.4917;8.44428;Steinmaur;2020;Urtica_dioica;Aphis_urticata;1;;1;1;;;;;;;;;;;
Y20-0056;47.48762;8.45384;Steinmaur;2020;Urtica_dioica;Aphis_urticata;1;;1;0;;;;;;;;;;;
Y20-0057;47.49201;8.44541;Steinmaur;2020;Urtica_dioica;Aphis_urticata;1;;1;0;;;;;;;;;;;
Y20-0058;47.49157;8.45483;Steinmaur;2020;Urtica_dioica;Aphis_urticata;1;;1;0;;;;;;;;;;;
Y20-0059;47.48906;8.45578;Steinmaur;2020;Urtica_dioica;Aphis_urticata;1;;1;0;;;;;;;;;;;
Y20-0060;47.4885;8.45115;Steinmaur;2020;Urtica_dioica;Aphis_urticata;1;;1;0;;;;;;;;;;;
Y20-0061;47.49206;8.44197;Steinmaur;2020;Urtica_dioica;Aphis_urticata;1;;1;0;;;;;;;;;;;
Y20-0062;47.49075;8.45625;Steinmaur;2020;Urtica_dioica;Aphis_urticata;1;;1;0;;;;;;;;;;;
Y20-0063;47.49169;8.44334;Steinmaur;2020;Urtica_dioica;Aphis_urticata;1;;1;0;;;;;;;;;;;
Y20-0064;47.49007;8.45699;Steinmaur;2020;Urtica_dioica;Aphis_urticata;0;dead;0;0;;;;;;;;;;;
Y20-0065;47.56954;8.4176;Kaiserstuhl;2020;Hedera_helix;Aphis_hederae;0;dead;0;0;;;;;;;;;;;
Y20-0066;47.56963;8.41774;Kaiserstuhl;2020;Hedera_helix;Aphis_hederae;1;;1;1;;;;;;;;;;;
Y20-0067;47.49191;8.4427;Niedersteinmaur;2020;Hedera_helix;Aphis_hederae;1;;1;1;;;;;;;;;;;
Y20-0068;47.48905;8.44925;Niedersteinmaur;2020;Hedera_helix;Aphis_hederae;0;dead;0;0;;;;;;;;;;;
Y20-0069;47.4917;8.44778;Niedersteinmaur;2020;Hedera_helix;Aphis_hederae;1;;1;0;;;;;;;;;;;
Y20-0070;47.48942;8.45665;Niedersteinmaur;2020;Hedera_helix;Aphis_hederae;0;dead;0;0;;;;;;;;;;;
Y20-0071;47.54436;8.40279;Fisibach;2020;Urtica_dioica;Aphis_urticata;1;;1;0;;;;;;;;;;;
Y20-0072;47.56965;8.41801;Fisibach;2020;Urtica_dioica;Aphis_urticata;1;;1;0;;;;;;;;;;;
Y20-0073;47.56992;8.41823;Fisibach;2020;Urtica_dioica;Aphis_urticata;1;;1;0;;;;;;;;;;;
Y20-0074;47.56976;8.41823;Fisibach;2020;Urtica_dioica;Aphis_urticata;1;;1;0;;;;;;;;;;;
Y20-0075;47.5389;8.40425;Fisibach;2020;Urtica_dioica;Aphis_urticata;1;;1;0;;;;;;;;;;;
Y20-0076;47.431996;8.579668;Opfikon;2020;Urtica_dioica;Aphis_urticata;0;dead;0;0;;;;;;;;;;;
Y20-0077;47.423429;8.589478;Opfikon;2020;Urtica_dioica;Aphis_urticata;1;;1;0;;;;;;;;;;;
Y20-0078;47.430756;8.578939;Opfikon;2020;Urtica_dioica;Aphis_urticata;1;;1;0;;;;;;;;;;;
Y20-0079;47.421811;8.590943;Opfikon;2020;Urtica_dioica;Aphis_urticata;1;;1;0;;;;;;;;;;;
Y20-0080;47.429676;8.592429;Opfikon;2020;Urtica_dioica;Aphis_urticata;1;;1;0;;;;;;;;;;;
Y20-0081;47.40344845;8.6142148;Kriesbachstrasse;2020;Hedera_helix;Aphis_hederae;1;;1;0;;;;;;;;;;;
Y20-0082;47.40347905;8.61397388;Kriesbachstrasse;2020;Hedera_helix;Aphis_hederae;1;;1;0;;;;;;;;;;;
Y20-0083;47.40297455;8.61395769;Kriesbachstrasse;2020;Hedera_helix;Aphis_hederae;1;;1;1;;;;;;;;;;;
Y20-0084;47.40610494;8.61913138;Zwinggarten;2020;Urtica_dioica;Aphis_urticata;1;;1;0;;;;;;;;;;;
Y20-0085;47.40629508;8.61879967;Zwinggarten;2020;Urtica_dioica;Aphis_urticata;1;;1;0;;;;;;;;;;;
Y20-0086;47.40602012;8.6188919;Zwinggarten;2020;Urtica_dioica;Aphis_urticata;1;;1;0;;;;;;;;;;;
Y20-0087;47.40593974;8.61889138;Zwinggarten;2020;Urtica_dioica;Aphis_urticata;1;;1;0;;;;;;;;;;;
Y20-0088;47.40610218;8.61845493;Zwinggarten;2020;Urtica_dioica;Aphis_urticata;1;;1;0;;;;;;;;;;;
Y20-0089;47.40585931;8.61854234;Zwinggarten;2020;Urtica_dioica;Aphis_urticata;1;;1;0;;;;;;;;;;;
Y20-0090;47.4055956;8.61372713;Gumpisbüelstrasse;2020;Hedera_helix;Aphis_hederae;0;dead;0;0;;;;;;;;;;;
Y20-0091;47.40559117;8.6136027;Kriesbachstrasse;2020;Hedera_helix;Aphis_hederae;1;;1;0;;;;;;;;;;;
Y20-0092;47.40560072;8.61356421;Kriesbachstrasse;2020;Hedera_helix;Aphis_hederae;1;;1;0;;;;;;;;;;;
Y20-0093;47.40586666;8.61328479;Kriesbachstrasse;2020;Hedera_helix;Aphis_hederae;1;;1;0;;;;;;;;;;;
Y20-0094;47.40559606;8.61323486;Föhrlibuckstrasse;2020;Hedera_helix;Aphis_hederae;0;dead;0;0;;;;;;;;;;;
Y20-0095;47.40546308;8.61323056;Kriesbachstrasse;2020;Hedera_helix;Aphis_hederae;1;;1;0;;;;;;;;;;;
Y20-0096;47.40763729;8.54552489;Gubelstrasse;2020;Hedera_helix;Aphis_hederae;0;dead;0;0;;;;;;;;;;;
Y20-0097;47.4076425;8.54547881;Gubelstrasse;2020;Hedera_helix;Aphis_hederae;1;;1;0;;;;;;;;;;;
Y20-0098;47.40763042;8.54541884;Gubelstrasse;2020;Hedera_helix;Aphis_hederae;0;;0;0;;;;;;;;;;;
Y20-0099;47.40634066;8.54586149;Regensbergstrasse;2020;Hedera_helix;Aphis_hederae;1;;1;0;;;;;;;;;;;
Y20-0100;47.40556036;8.54692646;Oerlikonerstrasse;2020;Hedera_helix;Aphis_hederae;0;dead;0;0;;;;;;;;;;;
Y20-0101;47.40599192;8.54693592;Oerlikonerstrasse;2020;Urtica_dioica;Aphis_urticata;1;;1;0;;;;;;;;;;;
Y20-0102;47.40595702;8.54695746;Oerlikonerstrasse;2020;Hedera_helix;Aphis_hederae;0;dead;0;0;;;;;;;;;;;
Y20-0103;47.40615831;8.54698826;Oerlikonerstrasse;2020;Urtica_dioica;Aphis_urticata;1;;1;1;;;;;;;;;;;
Y20-0104;47.40614372;8.54697384;Oerlikonerstrasse;2020;Hedera_helix;Aphis_hederae;0;dead;0;0;;;;;;;;;;;
Y20-0105;47.40689505;8.54679427;Regensbergstrasse;2020;Hedera_helix;Aphis_hederae;0;dead;0;0;;;;;;;;;;;
Y20-0106;47.40762695;8.5462303;Gubelstrasse;2020;Hedera_helix;Aphis_hederae;0;dead;0;0;;;;;;;;;;;
Y20-0107;47.53457;8.45291;Stadel;2020;Urtica_dioica;Aphis_urticata;1;;1;0;;;;;;;;;;;
Y20-0108;47.48773;8.45371;Diseldorf;2020;Urtica_dioica;Aphis_urticata;1;;1;0;;;;;;;;;;;
Y20-0109;47.4966;8.45231;Steinmaur;2020;Urtica_dioica;Aphis_urticata;1;;1;0;;;;;;;;;;;
Y20-0110;47.53344;8.44551;Stadel;2020;Urtica_dioica;Aphis_urticata;1;;1;0;;;;;;;;;;;
Y20-0111;47.53258;8.44669;Steinmaur;2020;Urtica_dioica;Aphis_urticata;1;;1;0;;;;;;;;;;;
Y20-0112;47.49246;8.45076;Steinmaur;2020;Urtica_dioica;Aphis_urticata;1;;1;0;;;;;;;;;;;
Y20-0113;47.49208;8.45226;Steinmaur;2020;Urtica_dioica;Aphis_urticata;0;dead;0;0;;;;;;;;;;;
Y20-0114;47.48929;8.45179;Steinmaur;2020;Hedera_helix;Aphis_hederae;1;;1;0;;;;;;;;;;;
Y20-0115;47.41110164;8.54861487;Neudorfstrasse;2020;Urtica_dioica;Aphis_urticata;1;;1;0;;;;;;;;;;;
Y20-0116;47.40993663;8.54854104;Neudorfstrasse;2020;Urtica_dioica;Aphis_urticata;1;;1;0;;;;;;;;;;;
Y20-0117;47.40975967;8.54841049;Neudorfstrasse;2020;Urtica_dioica;Aphis_urticata;1;;1;0;;;;;;;;;;;
Y20-0118;47.40978204;8.54859878;Neudorfstrasse;2020;Urtica_dioica;Aphis_urticata;1;;1;0;;;;;;;;;;;
Y20-0119;47.4096378;8.54914363;Neudorfstrasse;2020;Urtica_dioica;Aphis_urticata;0;dead;0;0;;;;;;;;;;;
Y20-0120;47.40915356;8.54973943;Tramstrasse;2020;Urtica_dioica;Aphis_urticata;0;dead;0;0;;;;;;;;;;;
Y20-0121;47.4091857;8.54975301;Tramstrasse;2020;Urtica_dioica;Aphis_urticata;1;;1;1;;;;;;;;;;;
Y20-0122;47.40915044;8.54973699;Tramstrasse;2020;Urtica_dioica;Aphis_urticata;1;;1;0;;;;;;;;;;;
Y20-0123;47.40904043;8.54976399;Tramstrasse;2020;Urtica_dioica;Aphis_urticata;1;;1;0;;;;;;;;;;;
Y20-0124;47.40853787;8.55108391;Dörflistrasse;2020;Urtica_dioica;Aphis_urticata;1;;1;0;;;;;;;;;;;
Y20-0125;47.40807983;8.55505725;Tramstrasse;2020;Hedera_helix;Aphis_hederae;0;dead;0;0;;;;;;;;;;;
Y20-0126;47.40827698;8.55587625;Tramstrasse;2020;Hedera_helix;Aphis_hederae;0;dead;0;0;;;;;;;;;;;
Y20-0127;47.40911129;8.5586578;Riedgrabenweg;2020;Urtica_dioica;Aphis_urticata;0;dead;0;0;;;;;;;;;;;
Y20-0128;47.40912039;8.55865355;Riedgrabenweg;2020;Urtica_dioica;Aphis_urticata;1;;1;0;;;;;;;;;;;
Y20-0129;47.40913389;8.55846528;Riedgrabenweg;2020;Urtica_dioica;Aphis_urticata;1;;1;0;;;;;;;;;;;
Y20-0130;47.48025;8.46952;Dielsdorf;2020;Urtica_dioica;Aphis_urticata;1;;1;0;;;;;;;;;;;
Y20-0131;47.48153;8.47129;Dielsdorf;2020;Urtica_dioica;Aphis_urticata;1;;1;1;;;;;;;;;;;
Y20-0132;47.48964;8.4704;Dielsdorf;2020;Urtica_dioica;Aphis_urticata;0;dead;0;0;;;;;;;;;;;
Y20-0133;47.48004;8.46785;Dielsdorf;2020;Urtica_dioica;Aphis_urticata;1;;1;0;;;;;;;;;;;
Y20-0134;47.48352;8.47053;Dielsdorf;2020;Urtica_dioica;Aphis_urticata;1;;1;1;;;;;;;;;;;
Y20-0135;47.48328;8.4733;Dielsdorf;2020;Urtica_dioica;Aphis_urticata;1;;1;0;;;;;;;;;;;
Y20-0136;47.48371;8.47069;Dielsdorf;2020;Urtica_dioica;Aphis_urticata;0;dead;0;0;;;;;;;;;;;
Y20-0137;47.48359;8.47272;Dielsdorf;2020;Urtica_dioica;Aphis_urticata;1;;1;1;;;;;;;;;;;
Y20-0138;47.48063;8.47021;Dielsdorf;2020;Urtica_dioica;Aphis_urticata;1;;1;0;;;;;;;;;;;
Y20-0139;47.48081;8.47094;Dielsdorf;2020;Urtica_dioica;Aphis_urticata;0;dead;0;0;;;;;;;;;;;
Y20-0140;47.47982;8.46908;Dielsdorf;2020;Chenopodium_album;Aphis_fabae_fabae;1;;1;1;;;;;;;;;;;
Y20-0141;47.4187103;8.53039144;Seebacherstrasse;2020;Beta_vulgaris;Aphis_fabae_fabae;0;dead;0;0;;;;;;;;;;;
Y20-0142;47.41884238;8.53041079;Seebacherstrasse;2020;Beta_vulgaris;Aphis_fabae_fabae;0;dead;0;0;;;;;;;;;;;
Y20-0143;47.41875018;8.53058808;Seebacherstrasse;2020;Beta_vulgaris;Aphis_fabae_fabae;0;dead;0;0;;;;;;;;;;;
Y20-0144;47.41883768;8.53069266;Seebacherstrasse;2020;Beta_vulgaris;Aphis_fabae_fabae;0;dead;0;0;;;;;;;;;;;
Y20-0145;47.41882446;8.53072169;Seebacherstrasse;2020;Beta_vulgaris;Aphis_fabae_fabae;1;;1;0;;;;;;;;;;;
Y20-0146;47.41885671;8.53080519;Seebacherstrasse;2020;Beta_vulgaris;Aphis_fabae_fabae;0;dead;0;0;;;;;;;;;;;
Y20-0147;47.41894098;8.53094248;Seebacherstrasse;2020;Beta_vulgaris;Aphis_fabae_fabae;0;dead;0;0;;;;;;;;;;;
Y20-0148;47.41889099;8.53093615;Seebacherstrasse;2020;Beta_vulgaris;Aphis_fabae_fabae;0;dead;0;0;;;;;;;;;;;
Y20-0149;47.41898438;8.53106881;Seebacherstrasse;2020;Beta_vulgaris;Aphis_fabae_fabae;0;dead;0;0;;;;;;;;;;;
Y20-0150;47.41897086;8.53109555;Seebacherstrasse;2020;Beta_vulgaris;Aphis_fabae_fabae;0;dead;0;0;;;;;;;;;;;
Y20-0151;47.41866338;8.53047714;Seebacherstrasse;2020;Beta_vulgaris;Aphis_fabae_fabae;0;dead;0;0;;;;;;;;;;;
Y20-0152;47.41843353;8.53048979;Seebacherstrasse;2020;Beta_vulgaris;Aphis_fabae_fabae;1;;1;0;;;;;;;;;;;
Y20-0153;47.41844738;8.53048665;Seebacherstrasse;2020;Beta_vulgaris;Aphis_fabae_fabae;0;dead;0;0;;;;;;;;;;;
Y20-0154;47.4183693;8.53063563;Seebacherstrasse;2020;Beta_vulgaris;Aphis_fabae_fabae;0;dead;0;0;;;;;;;;;;;
Y20-0155;47.41828084;8.5306913;Seebacherstrasse;2020;Beta_vulgaris;Aphis_fabae_fabae;1;;1;0;;;;;;;;;;;
Y20-0156;47.41823164;8.53072884;Seebacherstrasse;2020;Beta_vulgaris;Aphis_fabae_fabae;0;dead;0;0;;;;;;;;;;;
Y20-0157;47.41819267;8.53069208;Seebacherstrasse;2020;Beta_vulgaris;Aphis_fabae_fabae;0;dead;0;0;;;;;;;;;;;
Y20-0158;47.41746108;8.53125997;Neunbrunnenstrasse;2020;Beta_vulgaris;Aphis_fabae_fabae;0;dead;0;0;;;;;;;;;;;
Y20-0159;47.41793709;8.53074092;Neunbrunnenstrasse;2020;Beta_vulgaris;Aphis_fabae_fabae;0;dead;0;0;;;;;;;;;;;
Y20-0160;47.41790168;8.53073065;Neunbrunnenstrasse;2020;Beta_vulgaris;Aphis_fabae_fabae;1;;1;0;;;;;;;;;;;
Y20-0161;47.40643;8.618397;Chriesbach;2020;Urtica_dioica;Aphis_urticata;1;;1;1;;;;;;;;;;;
Y20-0162;47.41090978;8.54854474;Neudorfstrasse;2020;Rubus_fruticosus;Aphis_ruborum;0;dead;0;0;;;;;;;;;;;
Y20-0163;47.41447;8.592856;Wallisellen;2020;Rubus_fruticosus;Aphis_ruborum;0;dead;0;0;;;;;;;;;;;
Y20-0164;47.414636;8.590302;Wallisellen;2020;Rubus_fruticosus;Aphis_ruborum;0;dead;0;0;;;;;;;;;;;
Y20-0165;47.40155442;8.60484807;Neugutstrasse;2020;Rubus_fruticosus;Aphis_ruborum;0;dead;0;0;;;;;;;;;;;
Y20-0166;47.40272102;8.60337223;Am_Wasser;2020;Rubus_fruticosus;Aphis_ruborum;1;dead;1;1;;;;;;;;;;;
Y20-0167;47.40366301;8.60226651;Riedgarten;2020;Rubus_fruticosus;Aphis_ruborum;0;dead;0;0;;;;;;;;;;;
Y20-0168;47.41091076;8.57181391;Aubrücke;2020;Hedera_helix;Aphis_hederae;1;;1;0;;;;;;;;;;;
Y20-0170;47.41119597;8.54864482;Oerlikon;2020;Urtica_dioica;Aphis_urticata;0;dead;0;0;;;;;;;;;;;
Y20-0171;47.4176676;8.54170441;Weisshau;2020;Rubus_fruticosus;Aphis_ruborum;1;;1;1;;;;;;;;;;;
Y20-0172;47.41688434;8.53796111;Zürich;2020;Urtica_dioica;Aphis_urticata;1;;1;0;;;;;;;;;;;
Y20-0178;47.48947;8.44475;Diseldorf;2020;Rubus_fruticosus;Aphis_ruborum;1;;1;1;;;;;;;;;;;
Y20-0179;47.40748902;8.58686005;Winterthurerstrasse;2020;Rubus_fruticosus;Aphis_ruborum;0;dead;0;0;;;;;;;;;;;
Y20-0180;47.40421347;8.59774078;Überland;2020;Rubus_fruticosus;Aphis_ruborum;1;;1;1;;;;;;;;;;;
Y20-0181;47.418799;8.588635;Wallisellen;2020;Rubus_fruticosus;Aphis_ruborum;1;;1;1;;;;;;;;;;;
Y20-0182;47.418933;8.588782;Wallisellen;2020;Rubus_fruticosus;Aphis_ruborum;0;dead;0;0;;;;;;;;;;;
Y20-0183;47.4042003;8.61008776;Überland;2020;Rubus_fruticosus;Aphis_ruborum;0;dead;0;0;;;;;;;;;;;
Y20-0184;47.40443604;8.61062805;Überland;2020;Rubus_fruticosus;Aphis_ruborum;0;dead;0;0;;;;;;;;;;;
Y20-0185;47.404304;8.610603;Chriesbach;2020;Rubus_fruticosus;Aphis_ruborum;1;;1;1;;;;;;;;;;;
Y20-0186;47.40551673;8.53857432;Ringstrasse;2020;Hedera_helix;Aphis_hederae;0;dead;0;0;;;;;;;;;;;
Y20-0187;47.40585276;8.53805111;Hofwiesenstrasse;2020;Hedera_helix;Aphis_hederae;1;;1;1;;;;;;;;;;;
Y20-0188;47.40612477;8.53824632;Bad_Allenmoos;2020;Rubus_fruticosus;Aphis_ruborum;0;dead;0;0;;;;;;;;;;;
Y20-0189;47.406111;8.53826509;Bad_Allenmoos;2020;Rubus_fruticosus;Aphis_ruborum;0;dead;0;0;;;;;;;;;;;
Y20-0190;47.40773288;8.53906791;Berninastrasse;2020;Rubus_fruticosus;Aphis_ruborum;0;dead;0;0;;;;;;;;;;;
Y20-0191;47.40778272;8.54009706;Azurstrasse;2020;Rubus_fruticosus;Aphis_ruborum;1;;1;1;;;;;;;;;;;
Y20-0192;47.405191;8.610348;Eawag;2020;Rubus_fruticosus;Aphis_ruborum;1;;1;1;;;;;;;;;;;
Y20-0193;47.41907033;8.58868975;Frohheimstrasse;2020;Rubus_fruticosus;Aphis_ruborum;1;;1;1;;;;;;;;;;;
Y20-0194;47.41901819;8.58861956;Erikastrasse;2020;Hedera_helix;Aphis_hederae;0;dead;0;0;;;;;;;;;;;
Y20-0195;47.41908218;8.58721594;Herrengütlistrasse;2020;Hedera_helix;Aphis_hederae;0;ded;0;0;;;;;;;;;;;
Y20-0196;47.41902783;8.58714542;Herrengütlistrasse;2020;Hedera_helix;Aphis_hederae;0;ded;0;0;;;;;;;;;;;
Y20-0197;47.41897104;8.58679502;Herrengütlistrasse;2020;Rubus_fruticosus;Aphis_ruborum;1;;1;1;;;;;;;;;;;
Y20-0198;47.41905077;8.58698669;Herrengütlistrasse;2020;Hedera_helix;Aphis_hederae;1;;1;0;;;;;;;;;;;
Y20-0199;47.4193837;8.58634112;Herrengütlistrasse;2020;Hedera_helix;Aphis_hederae;1;;1;0;;;;;;;;;;;
Y20-0200;47.41949872;8.586413;Herrengütlistrasse;2020;Hedera_helix;Aphis_hederae;0;dead;0;0;;;;;;;;;;;
Y20-0201;47.41950345;8.58635621;Herrengütlistrasse;2020;Hedera_helix;Aphis_hederae;0;dead;0;0;;;;;;;;;;;
Y20-0202;47.41953937;8.58623399;Herrengütlistrasse;2020;Rubus_fruticosus;Aphis_ruborum;1;dead;1;0;;;;;;;;;;;
Y20-0203;47.42126255;8.5851575;Oberrebenweg;2020;Hedera_helix;Aphis_hederae;1;;1;0;;;;;;;;;;;
Y20-0204;47.42132204;8.58514333;Oberrebenweg;2020;Hedera_helix;Aphis_hederae;1;;1;0;;;;;;;;;;;
Y20-0205;47.42300596;8.58466261;Oberrebenweg;2020;Beta_vulgaris;Aphis_fabae_fabae;1;;1;0;;;;;;;;;;;
Y20-0206;47.42301483;8.58466369;Oberrebenweg;2020;Beta_vulgaris;Aphis_fabae_fabae;1;;1;0;;;;;;;;;;;
Y20-0207;47.40504027;8.61158845;Föhrliweg;2020;Hedera_helix;Aphis_hederae;1;;1;0;;;;;;;;;;;
Y20-0208;47.40476631;8.60821679;Seidenstrasse;2020;Chenopodium_album;Aphis_fabae_fabae;1;;1;0;;;;;;;;;;;
Y20-0209;47.40476823;8.60823304;Seidenstrasse;2020;Chenopodium_album;Aphis_fabae_fabae;0;dead;0;0;;;;;;;;;;;
Y20-0210;47.4051043;8.60780208;Seidenstrasse;2020;Hedera_helix;Aphis_hederae;0;dead;0;0;;;;;;;;;;;
Y20-0211;47.40523034;8.6077505;Seidenstrasse;2020;Hedera_helix;Aphis_hederae;0;dead;0;0;;;;;;;;;;;
Y20-0212;47.40561838;8.60745327;Seidenstrasse;2020;Hedera_helix;Aphis_hederae;1;;1;0;;;;;;;;;;;
Y20-0213;47.40536774;8.6073554;Seidenstrasse;2020;Hedera_helix;Aphis_hederae;0;dead;0;0;;;;;;;;;;;
Y20-0214;47.40534147;8.60723756;Seidenstrasse;2020;Hedera_helix;Aphis_hederae;1;;1;1;;;;;;;;;;;
Y20-0215;47.40501938;8.60639211;Seidenstrasse;2020;Hedera_helix;Aphis_hederae;0;;0;0;;;;;;;;;;;
Y20-0216;47.40545611;8.6062974;Seidenstrasse;2020;Urtica_dioica;Aphis_urticata;1;;1;0;;;;;;;;;;;
Y20-0217;47.40563155;8.60651134;Seidenstrasse;2020;Chenopodium_album;Aphis_fabae_fabae;0;dead;0;0;;;;;;;;;;;
Y20-0218;47.40554496;8.6066011;Seidenstrasse;2020;Chenopodium_album;Aphis_fabae_fabae;1;;1;0;;;;;;;;;;;
Y20-0219;47.40573664;8.60678055;Seidenstrasse;2020;Chenopodium_album;Aphis_fabae_fabae;0;dead;0;0;;;;;;;;;;;
Y20-0220;47.40480572;8.60856175;Seidenstrasse;2020;Chenopodium_album;Aphis_fabae_fabae;0;dead;0;0;;;;;;;;;;;
Y20-0221;47.38975453;8.52957702;Wasserwerkstrasse;2020;Hedera_helix;Aphis_hederae;0;dead;0;0;;;;;;;;;;;
Y20-0222;47.3903608;8.52820292;Wasserwerkstrasse;2020;Rubus_fruticosus;Aphis_ruborum;1;dead;1;1;;;;;;;;;;;
Y20-0223;47.39966471;8.4928293;Winzerhalde;2020;Urtica_dioica;Aphis_urticata;0;dead;0;0;;;;;;;;;;;
Y20-0224;47.39958707;8.49032601;Winzerhalde;2020;Chenopodium_album;Aphis_fabae_fabae;1;;1;0;;;;;;;;;;;
Y20-0225;47.39518665;8.51033461;Am_Wasser;2020;Hedera_helix;Aphis_hederae;1;;1;0;;;;;;;;;;;
Y20-0226;47.39522701;8.51032366;Am_Wasser;2020;Hedera_helix;Aphis_hederae;1;;1;0;;;;;;;;;;;
Y20-0227;47.39522438;8.51015009;Am_Wasser;2020;Hedera_helix;Aphis_hederae;0;dead;0;0;;;;;;;;;;;
Y20-0228;47.4070426;8.58842158;Überland;2020;Chenopodium_album;Aphis_fabae_fabae;1;;1;1;;;;;;;;;;;
Y20-0229;47.40678277;8.58828749;Überland;2020;Chenopodium_album;Aphis_fabae_fabae;1;;1;0;;;;;;;;;;;
Y20-0230;47.40693824;8.58883257;Überland;2020;Chenopodium_album;Aphis_fabae_fabae;0;dead;0;0;;;;;;;;;;;
Y20-0231;47.4069794;8.58874698;Überland;2020;Chenopodium_album;Aphis_fabae_fabae;0;dead;0;0;;;;;;;;;;;
Y20-0232;47.405412;8.609466;Eawag;2020;Rubus_fruticosus;Aphis_ruborum;1;;1;1;;;;;;;;;;;
Y20-0233;47.41467139;8.54576405;Schaffhauserstrasse;2020;Hedera_helix;Aphis_hederae;0;dead;0;0;;;;;;;;;;;
Y20-0234;47.41455674;8.54550214;Schaffhauserstrasse;2020;Hedera_helix;Aphis_hederae;0;dead;0;0;;;;;;;;;;;
Y20-0235;47.42268006;8.54883607;Glatttalstrasse;2020;Chenopodium_album;Aphis_fabae_fabae;0;dead;0;0;;;;;;;;;;;
Y20-0236;47.42255453;8.54850581;Katzenbachstrasse;2020;Chenopodium_album;Aphis_fabae_fabae;1;;1;1;;;;;;;;;;;
Y20-0237;47.42259679;8.54854349;Katzenbachstrasse;2020;Chenopodium_album;Aphis_fabae_fabae;0;dead;0;0;;;;;;;;;;;
Y20-0238;47.42263822;8.54856263;Katzenbachstrasse;2020;Chenopodium_album;Aphis_fabae_fabae;0;dead;0;0;;;;;;;;;;;
Y20-0239;47.42272264;8.54846186;Katzenbachstrasse;2020;Chenopodium_album;Aphis_fabae_fabae;1;;1;0;;;;;;;;;;;
Y20-0240;47.42206507;8.53691579;Schwandenholzstrasse;2020;Hedera_helix;Aphis_hederae;0;dead;0;0;;;;;;;;;;;
Y20-0241;47.42211796;8.5369763;Schwandenholzstrasse;2020;Hedera_helix;Aphis_hederae;0;dead;0;0;;;;;;;;;;;
Y20-0242;47.42187095;8.53766867;Schwandenholzstrasse;2020;Rubus_fruticosus;Aphis_ruborum;1;;1;1;;;;;;;;;;;
Y20-0243;47.41712038;8.54141912;Neunbrunnenstrasse;2020;Chenopodium_album;Aphis_fabae_fabae;0;dead;0;0;;;;;;;;;;;
Y20-0244;47.41732027;8.54380666;Neunbrunnenstrasse;2020;Hedera_helix;Aphis_hederae;1;;1;1;;;;;;;;;;;
Y20-0245;47.38727164;8.47700872;Eugen_huber_strasse;2020;Chenopodium_album;Aphis_fabae_fabae;1;;1;1;;;;;;;;;;;
Y20-0246;47.38407859;8.47413994;Friedhofstrasse;2020;Chenopodium_album;Aphis_fabae_fabae;0;dead;0;0;;;;;;;;;;;
Y20-0247;47.38405016;8.47436218;Friedhofstrasse;2020;Chenopodium_album;Aphis_fabae_fabae;1;;1;0;;;;;;;;;;;
Y20-0248;47.38363895;8.47490803;Friedhofstrasse;2020;Hedera_helix;Aphis_hederae;0;dead;0;0;;;;;;;;;;;
Y20-0249;47.38355821;8.47488485;Friedhofstrasse;2020;Hedera_helix;Aphis_hederae;0;dead;0;0;;;;;;;;;;;
Y20-0250;47.38353935;8.4748694;Friedhofstrasse;2020;Hedera_helix;Aphis_hederae;0;dead;0;0;;;;;;;;;;;
Y20-0251;47.38369817;8.47506785;Friedhofstrasse;2020;Hedera_helix;Aphis_hederae;0;dead;0;0;;;;;;;;;;;
Y20-0252;47.38215709;8.47309685;Friedhofstrasse;2020;Rubus_fruticosus;Aphis_ruborum;0;dead;0;0;;;;;;;;;;;
Y20-0253;47.38466881;8.46713836;Lyrenweg;2020;Rubus_fruticosus;Aphis_ruborum;1;;1;1;;;;;;;;;;;
Y20-0254;47.3872564;8.46948798;Salzweg;2020;Chenopodium_album;Aphis_fabae_fabae;1;;1;1;;;;;;;;;;;
Y20-0255;47.38735403;8.46954935;Salzweg;2020;Chenopodium_album;Aphis_fabae_fabae;1;;1;0;;;;;;;;;;;
Y20-0256;47.38742488;8.4696584;Rautistrasse;2020;Chenopodium_album;Aphis_fabae_fabae;1;;0;0;;;;;;;;;;;
Y20-0257;47.38740125;8.4696636;Rautistrasse;2020;Chenopodium_album;Aphis_fabae_fabae;0;dead;0;0;;;;;;;;;;;
Y20-0258;47.3888562;8.4676241;Talbächliweg;2020;Chenopodium_album;Aphis_fabae_fabae;1;;1;0;;;;;;;;;;;
Y20-0259;47.39370094;8.46955644;Feusisbergli;2020;Rubus_fruticosus;Aphis_ruborum;0;dead;0;0;;;;;;;;;;;
Y20-0260;47.39276575;8.46797907;Suteracher;2020;Rubus_fruticosus;Aphis_ruborum;0;dead;0;0;;;;;;;;;;;
Y20-0261;47.39359594;8.46682171;Hüblerweg;2020;Hedera_helix;Aphis_hederae;0;dead;0;0;;;;;;;;;;;
Y20-0262;47.39413149;8.46520257;Pestalozziweg;2020;Urtica_dioica;Aphis_urticata;0;dead;0;0;;;;;;;;;;;
Y20-0263;47.39193043;8.46107894;AlterZürichweg;2020;Chenopodium_album;Aphis_fabae_fabae;0;dead;0;0;;;;;;;;;;;
Y20-0264;47.391200;8.452683;Altstatten;2020;Chenopodium_album;Aphis_fabae_fabae;1;;1;1;;;;;;;;;;;
Y20-0265;47.40330377;8.46488307;Turmstrasse;2020;Rubus_fruticosus;Aphis_ruborum;0;dead;0;0;;;;;;;;;;;
Y20-0266;47.39300747;8.50589662;Hardturmstrasse;2020;Rubus_fruticosus;Aphis_ruborum;1;;1;1;;;;;;;;;;;
Y20-0267;47.39370262;8.50912214;Bernoulli-Häuser;2020;Hedera_helix;Aphis_hederae;0;dead;0;0;;;;;;;;;;;
Y20-0268;47.40426889;8.5986379;Überland;2020;Rubus_fruticosus;Aphis_ruborum;0;dead;0;0;;;;;;;;;;;
Y20-0269;47.4036597;8.59869905;Überland;2020;Hedera_helix;Aphis_hederae;1;;1;0;;;;;;;;;;;
Y20-0270;47.39959952;8.53192854;Käferholzstrasse;2020;Rubus_fruticosus;Aphis_ruborum;1;dead;1;1;;;;;;;;;;;
Y20-0271;47.39964477;8.53793361;Weihersteig;2020;Rubus_fruticosus;Aphis_ruborum;1;;1;1;;;;;;;;;;;
Y20-0272;47.39864122;8.52797122;Weihersteig;2020;Rubus_fruticosus;Aphis_ruborum;1;;1;1;;;;;;;;;;;
Y20-0273;47.39878542;8.5271531;Tièchestrasse;2020;Rubus_fruticosus;Aphis_ruborum;1;;1;1;;;;;;;;;;;
Y20-0274;47.39916893;8.52568168;Tièchestrasse;2020;Rubus_fruticosus;Aphis_ruborum;0;dead;0;0;;;;;;;;;;;
Y20-0275;47.39909133;8.5253806;Tièchestrasse;2020;Rubus_fruticosus;Aphis_ruborum;1;dead;1;1;;;;;;;;;;;
Y20-0276;47.39944788;8.5244946;Tièchestrasse;2020;Rubus_fruticosus;Aphis_ruborum;0;dead;0;0;;;;;;;;;;;
Y20-0277;47.39939415;8.5242479;Tièchestrasse;2020;Rubus_fruticosus;Aphis_ruborum;0;dead;0;0;;;;;;;;;;;
Y20-0278;47.39956702;8.52445655;Waidstrasse;2020;Urtica_dioica;Aphis_urticata;0;dead;0;0;;;;;;;;;;;
Y20-0279;47.3997645;8.52451192;Waidstrasse;2020;Rubus_fruticosus;Aphis_ruborum;1;;1;1;;;;;;;;;;;
Y20-0280;47.39983109;8.52456916;Waidstrasse;2020;Rubus_fruticosus;Aphis_ruborum;0;dead;0;0;;;;;;;;;;;
Y20-0281;47.4002641;8.52452583;Waidstrasse;2020;Rubus_fruticosus;Aphis_ruborum;1;;1;0;;;;;;;;;;;
Y20-0282;47.40034139;8.52435669;Waidstrasse;2020;Rubus_fruticosus;Aphis_ruborum;1;dead;1;1;;;;;;;;;;;
Y20-0283;47.40067053;8.52420789;Waidstrasse;2020;Rubus_fruticosus;Aphis_ruborum;1;;1;1;;;;;;;;;;;
Y20-0284;47.40080222;8.52415398;Waidstrasse;2020;Hedera_helix;Aphis_hederae;0;dead;0;0;;;;;;;;;;;
Y20-0285;47.399125;8.52323266;Tièchestrasse;2020;Rubus_fruticosus;Aphis_ruborum;1;;1;0;;;;;;;;;;;
Y20-0286;47.39767252;8.52271589;Waidstrasse;2020;Rubus_fruticosus;Aphis_ruborum;0;dead;0;0;;;;;;;;;;;
Y20-0287;47.39769212;8.52274564;Waidstrasse;2020;Hedera_helix;Aphis_hederae;1;;1;0;;;;;;;;;;;
Y20-0288;47.39770333;8.5224104;Waidstrasse;2020;Rubus_fruticosus;Aphis_ruborum;1;;1;0;;;;;;;;;;;
Y20-0289;47.39759444;8.52264031;Waidstrasse;2020;Hedera_helix;Aphis_hederae;0;dead;0;0;;;;;;;;;;;
Y20-0290;47.39714806;8.52259478;Wunderlistrasse;2020;Hedera_helix;Aphis_hederae;0;dead;0;0;;;;;;;;;;;
Y20-0291;47.39667571;8.5227202;Wunderlistrasse;2020;Hedera_helix;Aphis_hederae;1;;1;1;;;;;;;;;;;
Y20-0292;47.39412558;8.52370408;Dorfstrasse;2020;Hedera_helix;Aphis_hederae;1;;1;0;;;;;;;;;;;
Y20-0293;47.39035969;8.52763892;Hönggerstrasse;2020;Hedera_helix;Aphis_hederae;0;dead;0;0;;;;;;;;;;;
Y20-0294;47.39030862;8.52834941;Wasserwerkstrasse;2020;Rubus_fruticosus;Aphis_ruborum;0;dead;0;0;;;;;;;;;;;
Y20-0295;47.40329103;8.60624534;Am_Wasser;2020;Rubus_fruticosus;Aphis_ruborum;1;;1;1;;;;;;;;;;;
Y20-0296;47.39965618;8.61344531;Birchlenstrasse;2020;Rubus_fruticosus;Aphis_ruborum;1;;1;1;;;;;;;;;;;
Y20-0297;47.39996411;8.61392945;Birchlenstrasse;2020;Rubus_fruticosus;Aphis_ruborum;1;;1;1;;;;;;;;;;;
Y20-0298;47.39977722;8.61432155;Birchlenstrasse;2020;Rubus_fruticosus;Aphis_ruborum;0;dead;0;0;;;;;;;;;;;
Y20-0299;47.39982405;8.6188042;Mettlenweg;2020;Rubus_fruticosus;Aphis_ruborum;0;dead;0;0;;;;;;;;;;;
Y20-0300;47.38386229611933              ;8.474857723340392              ;Friedhofstrasse;2020;Hedera_helix;Aphis_hederae;1;;1;1;;;;;;;;;;;
Y20-0301;47.383767580613494              ;8.474863842129707              ;Friedhofstrasse;2020;Hedera_helix;Aphis_hederae;0;dead;0;0;;;;;;;;;;;
Y20-0302;47.383649102412164              ;8.475394248962402              ;Friedhofstrasse;2020;Hedera_helix;Aphis_hederae;0;dead;0;0;;;;;;;;;;;
Y20-0303;47.38642456009984              ;8.469075886532664              ;Salzweg;2020;Chenopodium_album;Aphis_fabae_fabae;0;dead;0;0;;;;;;;;;;;
Y20-0304;47.38713924307376              ;8.469784408807755              ;Salzweg;2020;Chenopodium_album;Aphis_fabae_fabae;1;;1;1;;;;;;;;;;;
Y20-0305;47.3870915081352              ;8.469897815957665              ;Salzweg;2020;Chenopodium_album;Aphis_fabae_fabae;1;;1;0;;;;;;;;;;;
Y20-0306;47.38710458390415              ;8.469852721318603              ;Salzweg;2020;Chenopodium_album;Aphis_fabae_fabae;1;;1;0;;;;;;;;;;;
Y20-0307;47.38703790586442              ;8.469842914491892              ;Salzweg;2020;Chenopodium_album;Aphis_fabae_fabae;1;;1;1;;;;;;;;;;;
Y20-0308;47.387133124284446              ;8.47010619007051              ;Salzweg;2020;Chenopodium_album;Aphis_fabae_fabae;1;;0;0;;;;;;;;;;;
Y20-0309;47.388544427230954              ;8.466462912037969              ;Dunkelhölzlistrasse;2020;Chenopodium_album;Aphis_fabae_fabae;1;;1;0;;;;;;;;;;;
Y20-0310;47.392740743234754              ;8.468115907162428              ;Suteracher;2020;Rubus_fruticosus;Aphis_ruborum;0;dead;0;0;;;;;;;;;;;
Y20-0311;47.3935223557055              ;8.466629460453987              ;Pestalozziweg;2020;Rubus_fruticosus;Aphis_ruborum;1;;1;0;;;;;;;;;;;
Y20-0312;47.39452780690044              ;8.465058775618672              ;Pestalozziweg;2020;Hedera_helix;Aphis_hederae;0;dead;0;0;;;;;;;;;;;
Y20-0313;47.39450957626104              ;8.465017788112164              ;Pestalozziweg;2020;Hedera_helix;Aphis_hederae;0;dead;0;0;;;;;;;;;;;
Y20-0314;47.392134396359324              ;8.456926820799708              ;Schlieren;2020;Chenopodium_album;Aphis_fabae_fabae;1;;1;1;;;;;;;;;;;
Y20-0315;47.40613263566047              ;8.454747274518013              ;Limmatweg;2020;Hedera_helix;Aphis_hederae;0;dead;0;0;;;;;;;;;;;
Y20-0316;47.40280233789235              ;8.466332908719778              ;Ballonstrasse;2020;Rubus_fruticosus;Aphis_ruborum;1;;1;1;;;;;;;;;;;
Y20-0317;47.39298662636429              ;8.505792813375592              ;Hardturmstrasse;2020;Rubus_fruticosus;Aphis_ruborum;0;dead;0;0;;;;;;;;;;;
Y20-0400;47.39932055;8.61963262;Mettlenweg;2020;Hedera_helix;Aphis_hederae;0;dead;0;0;;;;;;;;;;;
Y20-0401;47.3988452;8.6204567;Bahnhofstrasse;2020;Hedera_helix;Aphis_hederae;1;;1;0;;;;;;;;;;;
Y20-0402;47.40120554;8.60590294;Bahnhofstrasse;2020;Hedera_helix;Aphis_hederae;1;;1;0;;;;;;;;;;;
Y20-0403;47.40175483;8.61996015;Im_Grund;2020;Hedera_helix;Aphis_hederae;1;;1;0;;;;;;;;;;;
Y20-0404;47.40160196;8.60446104;Neugutstrasse;2020;Rubus_fruticosus;Aphis_ruborum;0;dead;0;0;;;;;;;;;;;
Y20-0405;47.405496;8.613272;Eawag;2020;Rubus_fruticosus;Aphis_ruborum;1;;1;1;;;;;;;;;;;
Y20-0406;47.43085607;8.54438797;Glatttalstrasse;2020;Rubus_fruticosus;Aphis_ruborum;1;;1;1;;;;;;;;;;;
Y20-0407;47.43348421;8.54265696;Glatttalstrasse;2020;Chenopodium_album;Aphis_fabae_fabae;1;;1;0;;;;;;;;;;;
Y20-0408;47.43496027;8.5400341;Glatttalstrasse;2020;Chenopodium_album;Aphis_fabae_fabae;1;;1;1;;;;;;;;;;;
Y20-0409;47.43643633;8.53741124;Glatttalstrasse;2020;Urtica_dioica;Aphis_urticata;0;dead;0;0;;;;;;;;;;;
Y20-0410;47.44958629;8.51585809;Mülirain;2020;Chenopodium_album;Aphis_fabae_fabae;1;;1;0;;;;;;;;;;;
Y20-0411;47.45180368;8.5168294;Heuelstrasse;2020;Rubus_fruticosus;Aphis_ruborum;1;;1;1;;;;;;;;;;;
Y20-0412;47.45390924;8.53252131;Bahnhofplatz;2020;Chenopodium_album;Aphis_fabae_fabae;1;;1;0;;;;;;;;;;;
Y20-0413;47.45393483;8.53211099;Bahnhofplatz;2020;Rubus_fruticosus;Aphis_ruborum;1;;1;1;;;;;;;;;;;
Y20-0414;47.45446487;8.5342229;Bahnhofplatz;2020;Rubus_fruticosus;Aphis_ruborum;1;;1;1;;;;;;;;;;;
Y20-0415;47.45499491;8.53633481;Klotenerstrasse;2020;Rubus_fruticosus;Aphis_ruborum;1;;1;1;;;;;;;;;;;
Y20-0416;47.45503637;8.53649275;Flughofstrasse;2020;Rubus_fruticosus;Aphis_ruborum;0;dead;0;0;;;;;;;;;;;
Y20-0417;47.44058351;8.55414625;Oberhauserstrasse;2020;Chenopodium_album;Aphis_fabae_fabae;1;;1;1;;;;;;;;;;;
Y20-0418;47.43385363;8.56684197;Schaffhauserstrasse;2020;Rubus_fruticosus;Aphis_ruborum;0;dead;0;0;;;;;;;;;;;
Y20-0419;47.42591803;8.57385167;Wallisellerstrasse;2020;Rubus_fruticosus;Aphis_ruborum;1;;1;1;;;;;;;;;;;
Y20-0420;47.42556333;8.57364762;Wallisellerstrasse;2020;Rubus_fruticosus;Aphis_ruborum;1;;1;1;;;;;;;;;;;
Y20-0421;47.41941841;8.56786966;Orionstrasse;2020;Rubus_fruticosus;Aphis_ruborum;1;;1;0;;;;;;;;;;;
Y20-0422;47.41763468;8.566962605;Orionstrasse;2020;Rubus_fruticosus;Aphis_ruborum;1;;1;1;;;;;;;;;;;
Y20-0423;47.41585095;8.56605555;Orionstrasse;2020;Rubus_fruticosus;Aphis_ruborum;1;;1;1;;;;;;;;;;;
Y20-0424;47.41592248;8.56611742;Orionstrasse;2020;Rubus_fruticosus;Aphis_ruborum;0;dead;0;0;;;;;;;;;;;
Y20-0425;47.42017352;8.55603259;Schärenmoosstrasse;2020;Rubus_fruticosus;Aphis_ruborum;1;;1;1;;;;;;;;;;;
Y20-0426;47.394099;8.593711;Stettbachstrasse;2020;Rubus_fruticosus;Aphis_ruborum;0;dead;0;0;;;;;;;;;;;
Y20-0427;47.49948021;8.45254316;Schulwiesstrasse;2020;Chenopodium_album;Aphis_fabae_fabae;1;;1;1;;;;;;;;;;;
Y20-0428;47.50022916;8.44826483;Grebweg;2020;Chenopodium_album;Aphis_fabae_fabae;1;;1;1;;;;;;;;;;;
Y20-0429;47.50279048;8.44635462;Grebweg;2020;Chenopodium_album;Aphis_fabae_fabae;0;dead;0;0;;;;;;;;;;;
Y20-0430;47.50267459;8.44560468;Grebweg;2020;Chenopodium_album;Aphis_fabae_fabae;0;dead;0;0;;;;;;;;;;;
Y20-0431;47.49887257;8.4428373;Chrebsbachstrasse;2020;Chenopodium_album;Aphis_fabae_fabae;1;;1;1;;;;;;;;;;;
Y20-0432;47.49781433;8.4376475;Mirmenhof;2020;Chenopodium_album;Aphis_fabae_fabae;1;;1;0;;;;;;;;;;;
Y20-0433;47.49628401;8.43620464;Süneggstrasse;2020;Chenopodium_album;Aphis_fabae_fabae;0;dead;0;0;;;;;;;;;;;
Y20-0434;47.49170728;8.45389431;Ringstrasse;2020;Chenopodium_album;Aphis_fabae_fabae;0;dead;0;0;;;;;;;;;;;
Y20-0435;47.49120776;8.45759548;Storchensiedlung;2020;Chenopodium_album;Aphis_fabae_fabae;1;;1;1;;;;;;;;;;;
Y20-0436;47.4909901;8.45679793;Storchensiedlung;2020;Chenopodium_album;Aphis_fabae_fabae;1;;1;0;;;;;;;;;;;
Y20-0437;47.4902821;8.45751634;Storchensiedlung;2020;Chenopodium_album;Aphis_fabae_fabae;0;dead;0;0;;;;;;;;;;;
Y20-0438;47.38486922;8.6268362;Buenstrasse;2020;Rubus_fruticosus;Aphis_ruborum;1;;1;1;;;;;;;;;;;
Y20-0439;47.38474787;8.6267145;Buenstrasse;2020;Rubus_fruticosus;Aphis_ruborum;1;;1;1;;;;;;;;;;;
Y20-0440;47.38469545;8.6269016;Buenstrasse;2020;Rubus_fruticosus;Aphis_ruborum;1;;1;1;;;;;;;;;;;
Y20-0441;47.38437907;8.62683097;Hellhaggenweg;2020;Rubus_fruticosus;Aphis_ruborum;1;;1;1;;;;;;;;;;;
Y20-0442;47.38138609;8.63132801;Breiti;2020;Chenopodium_album;Aphis_fabae_fabae;0;dead;0;0;;;;;;;;;;;
Y20-0443;47.38138609;8.63132801;Breiti;2020;Chenopodium_album;Aphis_fabae_fabae;0;dead;0;0;;;;;;;;;;;
Y20-0444;47.38118708;8.63115948;Breiti;2020;Chenopodium_album;Aphis_fabae_fabae;1;;1;0;;;;;;;;;;;
Y20-0445;47.38105766;8.63156447;Breiti;2020;Chenopodium_album;Aphis_fabae_fabae;1;;1;1;;;;;;;;;;;
Y20-0446;47.38110804;8.6316156;Breiti;2020;Chenopodium_album;Aphis_fabae_fabae;1;;1;1;;;;;;;;;;;
Y20-0447;47.38103283;8.63162206;Breiti;2020;Chenopodium_album;Aphis_fabae_fabae;1;;1;1;;;;;;;;;;;
Y20-0448;47.38097278;8.63179244;Breiti;2020;Chenopodium_album;Aphis_fabae_fabae;1;;1;1;;;;;;;;;;;
Y20-0449;47.38077964;8.63214168;Breiti;2020;Chenopodium_album;Aphis_fabae_fabae;0;dead;0;0;;;;;;;;;;;
Y20-0450;47.38057317;8.63236814;Buenstrasse;2020;Chenopodium_album;Aphis_fabae_fabae;1;;1;0;;;;;;;;;;;
Y20-0451;47.38016961;8.63268019;Dübendorfstrasse;2020;Chenopodium_album;Aphis_fabae_fabae;1;;0;0;;;;;;;;;;;
Y20-0452;47.38022663;8.63211532;Breiti;2020;Chenopodium_album;Aphis_fabae_fabae;1;;1;0;;;;;;;;;;;
Y20-0453;47.38058052;8.63164022;Breiti;2020;Chenopodium_album;Aphis_fabae_fabae;1;;1;1;;;;;;;;;;;
Y20-0454;47.38061381;8.63165517;Breiti;2020;Chenopodium_album;Aphis_fabae_fabae;1;;1;0;;;;;;;;;;;
Y20-0455;47.38401464;8.63026416;Buenstrasse;2020;Chenopodium_album;Aphis_fabae_fabae;1;;1;0;;;;;;;;;;;
Y20-0456;47.38436525;8.62946785;Buenstrasse;2020;Chenopodium_album;Aphis_fabae_fabae;0;dead;0;0;;;;;;;;;;;
Y20-0600;47.43064693;8.5443692;Glatttalstrasse;2020;Rubus_fruticosus;Aphis_ruborum;0;dead;0;0;;;;;;;;;;;
Y20-0601;47.43390162;8.5424664;Glatttalstrasse;2020;Chenopodium_album;Aphis_fabae_fabae;1;;1;0;;;;;;;;;;;
Y20-0602;47.43648905;8.53731752;Glatttalstrasse;2020;Rubus_fruticosus;Aphis_ruborum;0;dead;0;0;;;;;;;;;;;
Y20-0603;47.44983044;8.5156015;Mülirain;2020;Chenopodium_album;Aphis_fabae_fabae;1;;1;0;;;;;;;;;;;
Y20-0604;47.45174045;8.51702464;Heuelstrasse;2020;Rubus_fruticosus;Aphis_ruborum;1;;1;1;;;;;;;;;;;
Y20-0605;47.45407028;8.53199586;Bahnhofpl;2020;Rubus_fruticosus;Aphis_ruborum;1;;1;1;;;;;;;;;;;
Y20-0606;47.45408484;8.53206463;Bahnhofpl;2020;Rubus_fruticosus;Aphis_ruborum;1;;1;0;;;;;;;;;;;
Y20-0607;47.4585377;8.53425938;Flughofstrasse;2020;Rubus_fruticosus;Aphis_ruborum;0;dead;0;0;;;;;;;;;;;
Y20-0608;47.45515031;8.5363081;Flughofstrasse;2020;Rubus_fruticosus;Aphis_ruborum;1;;1;1;;;;;;;;;;;
Y20-0609;47.45506209;8.5363048;Flughofstrasse;2020;Rubus_fruticosus;Aphis_ruborum;1;;1;1;;;;;;;;;;;
Y20-0610;47.45492781;8.53647044;Klotenerstrasse;2020;Rubus_fruticosus;Aphis_ruborum;0;dead;0;0;;;;;;;;;;;
Y20-0611;47.45505689;8.53652648;Flughofstrasse;2020;Rubus_fruticosus;Aphis_ruborum;0;dead;0;0;;;;;;;;;;;
Y20-0612;47.45247338;8.53988397;Flughofstrasse;2020;Rubus_fruticosus;Aphis_ruborum;0;;0;0;;;;;;;;;;;
Y20-0613;47.41952404;8.56795835;Orion-Strasse;2020;Rubus_fruticosus;Aphis_ruborum;1;;1;1;;;;;;;;;;;
Y20-0614;47.41578567;8.56634915;Orionstrasse;2020;Rubus_fruticosus;Aphis_ruborum;1;;1;1;;;;;;;;;;;
Y20-0615;47.41569594;8.56628053;Orionstrasse;2020;Rubus_fruticosus;Aphis_ruborum;1;;1;1;;;;;;;;;;;
Y20-0616;47.42024696;8.55579915;Schärenmoosstrasse;2020;Rubus_fruticosus;Aphis_ruborum;0;dead;0;0;;;;;;;;;;;
Y20-0617;47.4188715;8.55480993;Thurgauerstrasse;2020;Rubus_fruticosus;Aphis_ruborum;1;;1;1;;;;;;;;;;;
Y20-0618;47.46346043;8.15690326;Wallbach;2020;Hedera_helix;Aphis_hederae;0;dead;0;0;;;;;;;;;;;
Y20-0619;47.46341033;8.1577056;Wallbach;2020;Rubus_fruticosus;Aphis_ruborum;1;;1;1;;;;;;;;;;;
Y20-0621;47.46377222;8.16020783;Hauptstrasse;2020;Hedera_helix;Aphis_hederae;1;;1;1;;;;;;;;;;;
Y20-0622;47.46367615;8.16052228;Hauptstrasse;2020;Rubus_fruticosus;Aphis_ruborum;0;dead;0;0;;;;;;;;;;;
Y20-0623;47.46311896;8.16005121;Hauptstrasse;2020;Rubus_fruticosus;Aphis_ruborum;0;dead;0;0;;;;;;;;;;;
Y20-0624;47.46208622;8.15947984;Wallbach;2020;Rubus_fruticosus;Aphis_ruborum;0;dead;0;0;;;;;;;;;;;
Y20-0625;47.46206273;8.15955139;Wallbach;2020;Rubus_fruticosus;Aphis_ruborum;0;dead;0;0;;;;;;;;;;;
Y20-0626;47.46136915;8.15904096;Wallbach;2020;Rubus_fruticosus;Aphis_ruborum;1;;1;1;;;;;;;;;;;
Y20-0627;47.4603789;8.15950671;Villnachern;2020;Rubus_fruticosus;Aphis_ruborum;1;;1;1;;;;;;;;;;;
Y20-0628;47.46006772;8.15882843;Unter_Strick;2020;Rubus_fruticosus;Aphis_ruborum;1;;1;1;;;;;;;;;;;
Y20-0629;47.45944658;8.15871606;Unter_Strick;2020;Rubus_fruticosus;Aphis_ruborum;1;;0;0;;;;;;;;;;;
Y20-0630;47.45748413;8.1588238;Unter_Strick;2020;Rubus_fruticosus;Aphis_ruborum;0;dead;0;0;;;;;;;;;;;
Y20-0631;47.45547851;8.15913377;Unter_Strick;2020;Rubus_fruticosus;Aphis_ruborum;1;;1;1;;;;;;;;;;;
Y20-0632;47.45371282;8.16107889;Stauwehr;2020;Rubus_fruticosus;Aphis_ruborum;1;;1;1;;;;;;;;;;;
Y20-0633;47.45380862;8.16090459;Stauwehr;2020;Rubus_fruticosus;Aphis_ruborum;0;dead;0;0;;;;;;;;;;;
Y20-0634;47.45785547;8.15983123;Stauwehr;2020;Rubus_fruticosus;Aphis_ruborum;0;dead;0;0;;;;;;;;;;;
Y20-0635;47.46178821;8.16054718;Villnachern;2020;Rubus_fruticosus;Aphis_ruborum;1;;1;1;;;;;;;;;;;
Y20-0636;47.46178965;8.16054251;Villnachern;2020;Rubus_fruticosus;Aphis_ruborum;0;dead;0;0;;;;;;;;;;;
Y20-0637;47.46332685;8.16147586;Hauptstrasse;2020;Hedera_helix;Aphis_hederae;0;dead;0;0;;;;;;;;;;;
Y20-0638;47.4664411;8.16413182;Bäumliackerstrasse;2020;Rubus_fruticosus;Aphis_ruborum;1;;1;1;;;;;;;;;;;
Y20-0639;47.46644324;8.16411221;Bäumliackerstrasse;2020;Rubus_fruticosus;Aphis_ruborum;0;dead;0;0;;;;;;;;;;;
Y20-0640;47.46643778;8.16392887;Bäumliackerstrasse;2020;Rubus_fruticosus;Aphis_ruborum;1;;1;1;;;;;;;;;;;
Y20-0641;47.46545946;8.16273827;Bäumliackerweg;2020;Rubus_fruticosus;Aphis_ruborum;1;;1;1;;;;;;;;;;;
Y20-0642;47.46538169;8.16270913;Bäumliackerweg;2020;Rubus_fruticosus;Aphis_ruborum;0;;0;0;;;;;;;;;;;
Y20-0643;47.46538544;8.16266249;Bäumliackerweg;2020;Rubus_fruticosus;Aphis_ruborum;0;dead;0;0;;;;;;;;;;;
Y20-0644;47.46538519;8.16261205;Bäumliackerweg;2020;Rubus_fruticosus;Aphis_ruborum;1;;1;1;;;;;;;;;;;
Y20-0645;47.4652032;8.16254371;Aarhofweg;2020;Rubus_fruticosus;Aphis_ruborum;0;dead;0;0;;;;;;;;;;;
Y20-0646;47.46518562;8.16224561;Aarhofweg;2020;Rubus_fruticosus;Aphis_ruborum;0;;0;0;;;;;;;;;;;
Y20-0647;47.46500239;8.16207666;Aarhofweg;2020;Rubus_fruticosus;Aphis_ruborum;0;;0;0;;;;;;;;;;;
Y20-0648;47.45558006              ;8.15122342              ;Strickhof;2020;Chenopodium_album;Aphis_fabae_fabae;0;;0;0;;;;;;;;;;;
Y20-0649;47.45476982              ;8.1567158              ;Strickhof;2020;Chenopodium_album;Aphis_fabae_fabae;0;;0;0;;;;;;;;;;;
Y20-0650;47.45477289              ;8.15828658              ;Unter;2020;Chenopodium_album;Aphis_fabae_fabae;0;;0;0;;;;;;;;;;;
Y20-0651;47.45477512              ;8.15899763              ;Unter;2020;Chenopodium_album;Aphis_fabae_fabae;0;;0;0;;;;;;;;;;;
Y20-0652;47.45438437              ;8.15922639              ;Unter;2020;Chenopodium_album;Aphis_fabae_fabae;0;;0;0;;;;;;;;;;;
Y20-0653;47.45435303              ;8.15891891              ;Unter;2020;Chenopodium_album;Aphis_fabae_fabae;0;;0;0;;;;;;;;;;;
Y20-0654;47.4543757              ;8.15902806              ;Unter;2020;Chenopodium_album;Aphis_fabae_fabae;0;;0;0;;;;;;;;;;;
Y20-0655;47.45367182              ;8.15948657              ;Stauwehr;2020;Chenopodium_album;Aphis_fabae_fabae;0;;0;0;;;;;;;;;;;
Y20-0656;47.45350996              ;8.15942967              ;Stauwehr;2020;Chenopodium_album;Aphis_fabae_fabae;0;;0;0;;;;;;;;;;;
Y20-0657;47.45352553              ;8.15947565              ;Stauwehr;2020;Chenopodium_album;Aphis_fabae_fabae;0;;0;0;;;;;;;;;;;
Y20-0658;47.45336782              ;8.15946649              ;Stauwehr;2020;Chenopodium_album;Aphis_fabae_fabae;0;;0;0;;;;;;;;;;;
Y20-0659;47.45333888              ;8.1593453              ;Stauwehr;2020;Chenopodium_album;Aphis_fabae_fabae;0;;0;0;;;;;;;;;;;
Y20-0660;47.4558064              ;8.15866854              ;Unter;2020;Urtica_dioica;Aphis_urticata;0;;0;0;;;;;;;;;;;
;;;;;;;;;;;;;;;;;;;;;
;;;;;;;;;;;;;;;;;;;;;
;;;;;;;;;;;;;;;;;;;;;
;;;;;;;;;;;;;;;;;;;;;
;;;;;;;;;;;;;;;;;;;;;
;;;;;;;;;;;;;;;;;;;;;
;;;;;;;;;;;;;;;;;;;;;
;;;;;;;;;;;;;;;;;;;;;
;;;;;;;;;;;;;;;;;;;;;
;;;;;;;;;;;;;;;;;;;;;
;;;;;;;;;;;;;;;;;;;;;
;;;;;;;;;;;;;;;;;;;;;
;;;;;;;;;;;;;;;;;;;;;
;;;;;;;;;;;;;;;;;;;;;
;;;;;;;;;;;;;;;;;;;;;
;;;;;;;;;;;;;;;;;;;;;
;;;;;;;;;;;;;;;;;;;;;
;;;;;;;;;;;;;;;;;;;;;
;;;;;;;;;;;;;;;;;;;;;
;;;;;;;;;;;;;;;;;;;;;
;;;;;;;;;;;;;;;;;;;;;
;;;;;;;;;;;;;;;;;;;;;
;;;;;;;;;;;;;;;;;;;;;
;;;;;;;;;;;;;;;;;;;;;
;;;;;;;;;;;;;;;;;;;;;
;;;;;;;;;;;;;;;;;;;;;
;;;;;;;;;;;;;;;;;;;;;
;;;;;;;;;;;;;;;;;;;;;
;;;;;;;;;;;;;;;;;;;;;
;;;;;;;;;;;;;;;;;;;;;
;;;;;;;;;;;;;;;;;;;;;
;;;;;;;;;;;;;;;;;;;;;
;;;;;;;;;;;;;;;;;;;;;
;;;;;;;;;;;;;;;;;;;;;
;;;;;;;;;;;;;;;;;;;;;
;;;;;;;;;;;;;;;;;;;;;
;;;;;;;;;;;;;;;;;;;;;
;;;;;;;;;;;;;;;;;;;;;
;;;;;;;;;;;;;;;;;;;;;
;;;;;;;;;;;;;;;;;;;;;
;;;;;;;;;;;;;;;;;;;;;
;;;;;;;;;;;;;;;;;;;;;
;;;;;;;;;;;;;;;;;;;;;
;;;;;;;;;;;;;;;;;;;;;
;;;;;;;;;;;;;;;;;;;;;
;;;;;;;;;;;;;;;;;;;;;
;;;;;;;;;;;;;;;;;;;;;
;;;;;;;;;;;;;;;;;;;;;
;;;;;;;;;;;;;;;;;;;;;
;;;;;;;;;;;;;;;;;;;;;
;;;;;;;;;;;;;;;;;;;;;
;;;;;;;;;;;;;;;;;;;;;
;;;;;;;;;;;;;;;;;;;;;
;;;;;;;;;;;;;;;;;;;;;
;;;;;;;;;;;;;;;;;;;;;
;;;;;;;;;;;;;;;;;;;;;
;;;;;;;;;;;;;;;;;;;;;
;;;;;;;;;;;;;;;;;;;;;
;;;;;;;;;;;;;;;;;;;;;
;;;;;;;;;;;;;;;;;;;;;
;;;;;;;;;;;;;;;;;;;;;
;;;;;;;;;;;;;;;;;;;;;
;;;;;;;;;;;;;;;;;;;;;
;;;;;;;;;;;;;;;;;;;;;
;;;;;;;;;;;;;;;;;;;;;
;;;;;;;;;;;;;;;;;;;;;
;;;;;;;;;;;;;;;;;;;;;
;;;;;;;;;;;;;;;;;;;;;
;;;;;;;;;;;;;;;;;;;;;
;;;;;;;;;;;;;;;;;;;;;
;;;;;;;;;;;;;;;;;;;;;
;;;;;;;;;;;;;;;;;;;;;
;;;;;;;;;;;;;;;;;;;;;
;;;;;;;;;;;;;;;;;;;;;
;;;;;;;;;;;;;;;;;;;;;
;;;;;;;;;;;;;;;;;;;;;
;;;;;;;;;;;;;;;;;;;;;
;;;;;;;;;;;;;;;;;;;;;
;;;;;;;;;;;;;;;;;;;;;
;;;;;;;;;;;;;;;;;;;;;
;;;;;;;;;;;;;;;;;;;;;
;;;;;;;;;;;;;;;;;;;;;
;;;;;;;;;;;;;;;;;;;;;
;;;;;;;;;;;;;;;;;;;;;
;;;;;;;;;;;;;;;;;;;;;
;;;;;;;;;;;;;;;;;;;;;
;;;;;;;;;;;;;;;;;;;;;
;;;;;;;;;;;;;;;;;;;;;
;;;;;;;;;;;;;;;;;;;;;
;;;;;;;;;;;;;;;;;;;;;
;;;;;;;;;;;;;;;;;;;;;
;;;;;;;;;;;;;;;;;;;;;
;;;;;;;;;;;;;;;;;;;;;
;;;;;;;;;;;;;;;;;;;;;
;;;;;;;;;;;;;;;;;;;;;
;;;;;;;;;;;;;;;;;;;;;
;;;;;;;;;;;;;;;;;;;;;
;;;;;;;;;;;;;;;;;;;;;
;;;;;;;;;;;;;;;;;;;;;
;;;;;;;;;;;;;;;;;;;;;
;;;;;;;;;;;;;;;;;;;;;
